{"accuracy": [0.179749995470047, 0.2486666738986969, 0.36145833134651184, 0.4244583249092102, 0.46262499690055847, 0.49545833468437195, 0.5227083563804626, 0.5367500185966492, 0.5603333115577698], "loss": [2.2614974975585938, 2.112887144088745, 1.8443430662155151, 1.6649097204208374, 1.5557588338851929, 1.4586886167526245, 1.374039888381958, 1.325847864151001, 1.2503756284713745], "val_accuracy": [0.2616666555404663, 0.40583333373069763, 0.5145000219345093, 0.5388333201408386, 0.5728333592414856, 0.5715000033378601, 0.5943333506584167, 0.5681666731834412, 0.5721666812896729], "val_loss": [2.1438210010528564, 1.804034948348999, 1.493418574333191, 1.4268985986709595, 1.344212293624878, 1.3412082195281982, 1.3019646406173706, 1.370312213897705, 1.3553475141525269], "learning_rate": [0.0010000000474974513, 0.0010000000474974513, 0.0010000000474974513, 0.0010000000474974513, 0.0010000000474974513, 0.0010000000474974513, 0.0010000000474974513, 0.0010000000474974513, 0.0010000000474974513]}