{"accuracy": [0.2904999852180481, 0.49537500739097595, 0.5849999785423279, 0.6367916464805603, 0.6714583039283752, 0.706375002861023, 0.7386249899864197, 0.7641249895095825], "loss": [2.0175998210906982, 1.521757960319519, 1.2738255262374878, 1.1265861988067627, 1.0197453498840332, 0.9178357124328613, 0.8193244338035583, 0.7357910871505737], "val_accuracy": [0.46433332562446594, 0.593999981880188, 0.6181666851043701, 0.609499990940094, 0.6384999752044678, 0.6269999742507935, 0.6286666393280029, 0.6001666784286499], "val_loss": [1.5774264335632324, 1.2930046319961548, 1.2105780839920044, 1.2332834005355835, 1.2148611545562744, 1.2697441577911377, 1.35990571975708, 1.6066622734069824]}